<?xml version="1.0" encoding="utf-8"?>
<KSPBundleDefinition xmlns:xsi="http://www.w3.org/2001/XMLSchema-instance" xmlns:xsd="http://www.w3.org/2001/XMLSchema" UrlName="deepfreeze" Name="deepfreeze" CreatedTime="-8587395526095711809">
  <Author>JPLRepo</Author>
  <Info>KSPedia Screens for the DeepFreeze mod.</Info>
  <Assets>
    <Asset Name="DeepFreezeKACMenu" Path="Assets/KSPedia/DeepFreezeKACMenu.prefab" Type="GameObject" Url="KSPedia/DeepFreezeKACMenu" AutoLoad="false" />
    <Asset Name="DeepFreezeMain" Path="Assets/KSPedia/DeepFreezeMain.prefab" Type="GameObject" Url="KSPedia/DeepFreezeMain" AutoLoad="false" />
    <Asset Name="DeepFreezeParts" Path="Assets/KSPedia/DeepFreezeParts.prefab" Type="GameObject" Url="KSPedia/DeepFreezeParts" AutoLoad="false" />
    <Asset Name="DeepFreezeSettings" Path="Assets/KSPedia/DeepFreezeSettings.prefab" Type="GameObject" Url="KSPedia/DeepFreezeSettings" AutoLoad="false" />
    <Asset Name="DeepFreezeVesselMenu" Path="Assets/KSPedia/DeepFreezeVesselMenu.prefab" Type="GameObject" Url="KSPedia/DeepFreezeVesselMenu" AutoLoad="false" />
    <Asset Name="deepfreeze_kspedia" Path="Assets/XML/deepfreeze_kspedia.xml" Type="TextAsset" Url="XML/deepfreeze_kspedia" AutoLoad="false" />
  </Assets>
  <Dependencies>
    <Dependency>squadcore</Dependency>
  </Dependencies>
</KSPBundleDefinition>